[
    {
        "id": "136964",
        "eventtypetext": "Ölspur",
        "eventtype": "S1",
        "location": {
            "city": "Würflach",
            "zipcode": "2732",
            "street": "Gerasdorfer Strasse",
            "housenumber": "58",
            "x": 47.776183,
            "y": 16.055902,
            "objectname": "",
            "additionalinfo": ""
        },
        "additionalinformation": "A15425SR (13:55) S1 Ölspur. Neubau, Gerasdorfer Strasse 58, 2732 Würflach: PKW mit Getriebeschaden (47.7762, 16.0559)",
        "alarmtime": 1760270132000,
        "alarmedalarmgroups": [
            {
                "id": "A15425SR",
                "name": "NK - FF Würflach-Hettmannsdorf - Sammelruf"
            }
        ],
        "alarmedpersons": [
            {
                "id": "78fa4bbdb13b4616b47269ee9ea91417",
                "firstname": "Andreas",
                "lastname": "Mayer",
                "qualifications": [],
                "functions": [
                    {
                        "id": "14445",
                        "shortname": "ATS",
                        "name": "ATS"
                    }
                ],
                "response": {
                    "timestamp": 1760270188739,
                    "basicresponse": "Ja",
                    "freetext": ""
                }
            },
            {
                "id": "cf177e0a94354d0ca7129e4db54c7f03",
                "firstname": "Bernhard",
                "lastname": "Gruber",
                "qualifications": [],
                "functions": [
                    {
                        "id": "158972",
                        "shortname": "C",
                        "name": "C-Fahrer"
                    },
                    {
                        "id": "14445",
                        "shortname": "ATS",
                        "name": "ATS"
                    }
                ],
                "response": {
                    "timestamp": 1760270360389,
                    "basicresponse": "Ja",
                    "freetext": ""
                }
            },
            {
                "id": "3ded0c39239643f3be0b11d1569843d0",
                "firstname": "Birgit",
                "lastname": "Huber",
                "qualifications": [],
                "functions": [
                    {
                        "id": "158972",
                        "shortname": "C",
                        "name": "C-Fahrer"
                    }
                ],
                "response": {
                    "timestamp": 1760270306053,
                    "basicresponse": "Ja",
                    "freetext": ""
                }
            },
            {
                "id": "2831e80d9dac401784d1a78e38e4f1f8",
                "firstname": "David",
                "lastname": "Bauer",
                "qualifications": [],
                "functions": [
                    {
                        "id": "14445",
                        "shortname": "ATS",
                        "name": "ATS"
                    }
                ],
                "response": {
                    "timestamp": 1760270179473,
                    "basicresponse": "Nein",
                    "freetext": "Bin verhindert"
                }
            },
            {
                "id": "a9dfc427002f4fb3bf91f4d57274e7ce",
                "firstname": "Fabian",
                "lastname": "Wagner",
                "qualifications": [],
                "functions": [
                    {
                        "id": "14445",
                        "shortname": "ATS",
                        "name": "ATS"
                    }
                ],
                "response": {
                    "timestamp": 1760270643858,
                    "basicresponse": "Ja",
                    "freetext": ""
                }
            },
            {
                "id": "01a020209c274eec9529bbd13d60043c",
                "firstname": "Florian",
                "lastname": "Pichler",
                "qualifications": [],
                "functions": [],
                "response": {
                    "timestamp": 1760270691176,
                    "basicresponse": "Ja",
                    "freetext": ""
                }
            },
            {
                "id": "a6342f66de0f46939850afce06e29939",
                "firstname": "Gerhard",
                "lastname": "Steiner",
                "qualifications": [],
                "functions": [],
                "response": {
                    "timestamp": 1760270105326,
                    "basicresponse": "Ja",
                    "freetext": ""
                }
            },
            {
                "id": "1db7395321c448479aff73568e27ae57",
                "firstname": "Ingo",
                "lastname": "Müller",
                "qualifications": [],
                "functions": [
                    {
                        "id": "14445",
                        "shortname": "ATS",
                        "name": "ATS"
                    }
                ],
                "response": {
                    "timestamp": 1760270170246,
                    "basicresponse": "Ja",
                    "freetext": ""
                }
            },
            {
                "id": "c6a32f650fe54c1aa9021a708ff996de",
                "firstname": "Jakob",
                "lastname": "Hofer",
                "qualifications": [],
                "functions": [
                    {
                        "id": "194184",
                        "shortname": "EL - Mit",
                        "name": "EL - Mitarbeiter"
                    }
                ],
                "response": {
                    "timestamp": 1760270315962,
                    "basicresponse": "Nein",
                    "freetext": "Bin verhindert"
                }
            },
            {
                "id": "4810294636b74f1e988fe345b2b58d7e",
                "firstname": "Johann",
                "lastname": "Leitner",
                "qualifications": [],
                "functions": [
                    {
                        "id": "158972",
                        "shortname": "C",
                        "name": "C-Fahrer"
                    },
                    {
                        "id": "14445",
                        "shortname": "ATS",
                        "name": "ATS"
                    }
                ],
                "response": {
                    "timestamp": 1760270703262,
                    "basicresponse": "Ja",
                    "freetext": ""
                }
            },
            {
                "id": "9d835c1540d44da19fc88725b2862e22",
                "firstname": "Johannes",
                "lastname": "Fischer",
                "qualifications": [],
                "functions": [],
                "response": {
                    "timestamp": 1760270660508,
                    "basicresponse": "Ja",
                    "freetext": ""
                }
            },
            {
                "id": "fd83e415a3f84037a920fd6026ddd4e5",
                "firstname": "Jürgen",
                "lastname": "Berger",
                "qualifications": [],
                "functions": [
                    {
                        "id": "158972",
                        "shortname": "C",
                        "name": "C-Fahrer"
                    }
                ],
                "response": {
                    "timestamp": 1760270643412,
                    "basicresponse": "Ja",
                    "freetext": ""
                }
            },
            {
                "id": "0756fa2d9bae419b8710c7027fdcca36",
                "firstname": "Katharina",
                "lastname": "Kaiser",
                "qualifications": [],
                "functions": [],
                "response": {
                    "timestamp": 1760270303148,
                    "basicresponse": "Ja",
                    "freetext": ""
                }
            },
            {
                "id": "5d15a7b543e4409d87a2755ac456687a",
                "firstname": "Lukas",
                "lastname": "Schmidt",
                "qualifications": [],
                "functions": [
                    {
                        "id": "158972",
                        "shortname": "C",
                        "name": "C-Fahrer"
                    },
                    {
                        "id": "194184",
                        "shortname": "EL - Mit",
                        "name": "EL - Mitarbeiter"
                    }
                ],
                "response": {
                    "timestamp": 1760270689889,
                    "basicresponse": "Ja",
                    "freetext": ""
                }
            },
            {
                "id": "8522f023f13f48888e41cf331ab67a3d",
                "firstname": "Martin",
                "lastname": "Reiter",
                "qualifications": [],
                "functions": [
                    {
                        "id": "14445",
                        "shortname": "ATS",
                        "name": "ATS"
                    },
                    {
                        "id": "158972",
                        "shortname": "C",
                        "name": "C-Fahrer"
                    }
                ],
                "response": {
                    "timestamp": 1760270078814,
                    "basicresponse": "Nein",
                    "freetext": "Bin verhindert"
                }
            },
            {
                "id": "4fe3f32416ea429588fc59fe68260236",
                "firstname": "Michael",
                "lastname": "Eder",
                "qualifications": [],
                "functions": [
                    {
                        "id": "1961",
                        "shortname": "EL",
                        "name": "Einsatzleiter"
                    },
                    {
                        "id": "14445",
                        "shortname": "ATS",
                        "name": "ATS"
                    }
                ],
                "response": {
                    "timestamp": 1760270239414,
                    "basicresponse": "Nein",
                    "freetext": "Bin verhindert"
                }
            },
            {
                "id": "050db9d754284609af9db3c2cfd4d2f3",
                "firstname": "Natalie",
                "lastname": "Winkler",
                "qualifications": [],
                "functions": [
                    {
                        "id": "194184",
                        "shortname": "EL - Mit",
                        "name": "EL - Mitarbeiter"
                    },
                    {
                        "id": "14445",
                        "shortname": "ATS",
                        "name": "ATS"
                    }
                ],
                "response": {
                    "timestamp": 1760270515143,
                    "basicresponse": "Ja",
                    "freetext": ""
                }
            },
            {
                "id": "27e917e61eec458e9927b7f3eb5b2c72",
                "firstname": "Roman",
                "lastname": "Fuchs",
                "qualifications": [],
                "functions": [
                    {
                        "id": "1961",
                        "shortname": "EL",
                        "name": "Einsatzleiter"
                    }
                ],
                "response": {
                    "timestamp": 1760270363369,
                    "basicresponse": "Ja",
                    "freetext": ""
                }
            },
            {
                "id": "8474ba90d24b481c82bc8e92c3a730b5",
                "firstname": "Tina",
                "lastname": "Lang",
                "qualifications": [],
                "functions": [
                    {
                        "id": "158972",
                        "shortname": "C",
                        "name": "C-Fahrer"
                    },
                    {
                        "id": "14445",
                        "shortname": "ATS",
                        "name": "ATS"
                    }
                ],
                "response": {
                    "timestamp": 1760270297772,
                    "basicresponse": "Nein",
                    "freetext": "Bin verhindert"
                }
            },
            {
                "id": "4c6bcb41ee72472da835b94194976f56",
                "firstname": "Peter",
                "lastname": "Schmid",
                "qualifications": [],
                "functions": [
                    {
                        "id": "14445",
                        "shortname": "ATS",
                        "name": "ATS"
                    }
                ],
                "response": {
                    "timestamp": 1760270424944,
                    "basicresponse": "Ja",
                    "freetext": ""
                }
            },
            {
                "id": "1ad3f3b0dc234cc5bdbe85e445e025e8",
                "firstname": "Julia",
                "lastname": "Maier",
                "qualifications": [],
                "functions": [
                    {
                        "id": "14445",
                        "shortname": "ATS",
                        "name": "ATS"
                    },
                    {
                        "id": "194184",
                        "shortname": "EL - Mit",
                        "name": "EL - Mitarbeiter"
                    }
                ],
                "response": {
                    "timestamp": 1760270169251,
                    "basicresponse": "Ja",
                    "freetext": ""
                }
            },
            {
                "id": "5528579451984571bd0de79c487e8b58",
                "firstname": "Markus",
                "lastname": "Moser",
                "qualifications": [],
                "functions": [],
                "response": {
                    "timestamp": 1760270173414,
                    "basicresponse": "Ja",
                    "freetext": ""
                }
            },
            {
                "id": "7cf06900ecbd4119a0b19db584055d35",
                "firstname": "Sarah",
                "lastname": "Wallner",
                "qualifications": [],
                "functions": [
                    {
                        "id": "194184",
                        "shortname": "EL - Mit",
                        "name": "EL - Mitarbeiter"
                    },
                    {
                        "id": "14445",
                        "shortname": "ATS",
                        "name": "ATS"
                    }
                ],
                "response": {
                    "timestamp": 1760270432663,
                    "basicresponse": "Nein",
                    "freetext": ""
                }
            },
            {
                "id": "cff6002a361c434bbe483cf793a6085f",
                "firstname": "Thomas",
                "lastname": "Auer",
                "qualifications": [],
                "functions": [
                    {
                        "id": "158972",
                        "shortname": "C",
                        "name": "C-Fahrer"
                    }
                ],
                "response": {
                    "timestamp": 1760270349370,
                    "basicresponse": "Ja",
                    "freetext": ""
                }
            },
            {
                "id": "fd47f2f7aa534eb1aeeb2235563f9288",
                "firstname": "Laura",
                "lastname": "Weber",
                "qualifications": [],
                "functions": [
                    {
                        "id": "158972",
                        "shortname": "C",
                        "name": "C-Fahrer"
                    }
                ],
                "response": {
                    "timestamp": 1760270553741,
                    "basicresponse": "Nein",
                    "freetext": ""
                }
            },
            {
                "id": "2510176fc6494e8f895df08ee702f155",
                "firstname": "Sebastian",
                "lastname": "Lechner",
                "qualifications": [],
                "functions": [
                    {
                        "id": "194184",
                        "shortname": "EL - Mit",
                        "name": "EL - Mitarbeiter"
                    },
                    {
                        "id": "158972",
                        "shortname": "C",
                        "name": "C-Fahrer"
                    },
                    {
                        "id": "1961",
                        "shortname": "EL",
                        "name": "Einsatzleiter"
                    }
                ],
                "response": {
                    "timestamp": 1760270202889,
                    "basicresponse": "Ja",
                    "freetext": ""
                }
            },
            {
                "id": "bd628253851e4a0aad37ae4ed9f76c0b",
                "firstname": "Anna",
                "lastname": "Kaufmann",
                "qualifications": [],
                "functions": [
                    {
                        "id": "1961",
                        "shortname": "EL",
                        "name": "Einsatzleiter"
                    }
                ],
                "response": {
                    "timestamp": 1760270154627,
                    "basicresponse": "Nein",
                    "freetext": "Bin verhindert"
                }
            },
            {
                "id": "15a8988005cc470a84f1ff0429e99216",
                "firstname": "Christian",
                "lastname": "Egger",
                "qualifications": [],
                "functions": [
                    {
                        "id": "158972",
                        "shortname": "C",
                        "name": "C-Fahrer"
                    },
                    {
                        "id": "14445",
                        "shortname": "ATS",
                        "name": "ATS"
                    }
                ],
                "response": {
                    "timestamp": 1760270379419,
                    "basicresponse": "Nein",
                    "freetext": "Bin verhindert"
                }
            },
            {
                "id": "ecda82cee5b043a3a2df9c28487791cd",
                "firstname": "Daniel",
                "lastname": "Hauser",
                "qualifications": [],
                "functions": [
                    {
                        "id": "14445",
                        "shortname": "ATS",
                        "name": "ATS"
                    }
                ],
                "response": {
                    "timestamp": 1760270720564,
                    "basicresponse": "Ja",
                    "freetext": ""
                }
            },
            {
                "id": "55c0b2ada7464b5496e57c8dbee3f56c",
                "firstname": "Elisabeth",
                "lastname": "Binder",
                "qualifications": [],
                "functions": [
                    {
                        "id": "194184",
                        "shortname": "EL - Mit",
                        "name": "EL - Mitarbeiter"
                    },
                    {
                        "id": "14445",
                        "shortname": "ATS",
                        "name": "ATS"
                    },
                    {
                        "id": "158972",
                        "shortname": "C",
                        "name": "C-Fahrer"
                    }
                ],
                "response": {
                    "timestamp": 1760270677397,
                    "basicresponse": "Ja",
                    "freetext": ""
                }
            },
            {
                "id": "975a0380eb664d74ba2e4f2dcb8f7f6c",
                "firstname": "Franz",
                "lastname": "Brandl",
                "qualifications": [],
                "functions": [
                    {
                        "id": "14445",
                        "shortname": "ATS",
                        "name": "ATS"
                    }
                ],
                "response": {
                    "timestamp": 1760270144933,
                    "basicresponse": "Ja",
                    "freetext": ""
                }
            },
            {
                "id": "c3024939ade447a38506a635957bd906",
                "firstname": "Helmut",
                "lastname": "Schauer",
                "qualifications": [],
                "functions": [
                    {
                        "id": "158972",
                        "shortname": "C",
                        "name": "C-Fahrer"
                    }
                ],
                "response": {
                    "timestamp": 1760270310968,
                    "basicresponse": "Nein",
                    "freetext": "Bin verhindert"
                }
            },
            {
                "id": "ca76a5c30d154b149850ee4e9669e36c",
                "firstname": "Isabella",
                "lastname": "Krenn",
                "qualifications": [],
                "functions": [],
                "response": {
                    "timestamp": 1760270375445,
                    "basicresponse": "Ja",
                    "freetext": ""
                }
            },
            {
                "id": "0d5711b7bcdf4158bf83918d67be4d07",
                "firstname": "Konrad",
                "lastname": "Aigner",
                "qualifications": [],
                "functions": [
                    {
                        "id": "194184",
                        "shortname": "EL - Mit",
                        "name": "EL - Mitarbeiter"
                    }
                ],
                "response": {
                    "timestamp": 1760270316098,
                    "basicresponse": "Ja",
                    "freetext": ""
                }
            },
            {
                "id": "b331ee0c8735462a8dfa1b3a62c3bc10",
                "firstname": "Lea",
                "lastname": "Winter",
                "qualifications": [],
                "functions": [
                    {
                        "id": "14445",
                        "shortname": "ATS",
                        "name": "ATS"
                    },
                    {
                        "id": "158972",
                        "shortname": "C",
                        "name": "C-Fahrer"
                    },
                    {
                        "id": "1961",
                        "shortname": "EL",
                        "name": "Einsatzleiter"
                    }
                ],
                "response": {
                    "timestamp": 1760270470591,
                    "basicresponse": "Ja",
                    "freetext": ""
                }
            },
            {
                "id": "901cc11a61fd4051845c0493cb2748c5",
                "firstname": "Manuel",
                "lastname": "Heinzl",
                "qualifications": [],
                "functions": [
                    {
                        "id": "194184",
                        "shortname": "EL - Mit",
                        "name": "EL - Mitarbeiter"
                    }
                ],
                "response": {
                    "timestamp": 1760270547435,
                    "basicresponse": "Nein",
                    "freetext": "Bin verhindert"
                }
            },
            {
                "id": "425276abd542404d848e4fdfce8b6a2e",
                "firstname": "Nina",
                "lastname": "Tschida",
                "qualifications": [],
                "functions": [
                    {
                        "id": "14445",
                        "shortname": "ATS",
                        "name": "ATS"
                    }
                ],
                "response": {
                    "timestamp": 1760270454554,
                    "basicresponse": "Ja",
                    "freetext": ""
                }
            },
            {
                "id": "d7c1d561341e4320964a66d6e00df576",
                "firstname": "Oliver",
                "lastname": "Pöltl",
                "qualifications": [],
                "functions": [
                    {
                        "id": "158972",
                        "shortname": "C",
                        "name": "C-Fahrer"
                    },
                    {
                        "id": "14445",
                        "shortname": "ATS",
                        "name": "ATS"
                    }
                ],
                "response": {
                    "timestamp": 1760270460162,
                    "basicresponse": "Ja",
                    "freetext": ""
                }
            },
            {
                "id": "c37681ffb5a8479cb6e3f6e8a5cede92",
                "firstname": "Paul",
                "lastname": "Resch",
                "qualifications": [],
                "functions": [
                    {
                        "id": "194184",
                        "shortname": "EL - Mit",
                        "name": "EL - Mitarbeiter"
                    },
                    {
                        "id": "158972",
                        "shortname": "C",
                        "name": "C-Fahrer"
                    }
                ],
                "response": {
                    "timestamp": 1760270291684,
                    "basicresponse": "Nein",
                    "freetext": "Bin verhindert"
                }
            },
            {
                "id": "1b5671ab1bab4b24a1b11cfd7fa4da0f",
                "firstname": "Quirin",
                "lastname": "Koller",
                "qualifications": [],
                "functions": [],
                "response": {
                    "timestamp": 1760270351946,
                    "basicresponse": "Nein",
                    "freetext": "Bin verhindert"
                }
            },
            {
                "id": "444d48cb5b6f44cdb750e0e8426da7da",
                "firstname": "Raphael",
                "lastname": "Woltron",
                "qualifications": [],
                "functions": [
                    {
                        "id": "194184",
                        "shortname": "EL - Mit",
                        "name": "EL - Mitarbeiter"
                    }
                ],
                "response": {
                    "timestamp": 1760270146870,
                    "basicresponse": "Nein",
                    "freetext": "Bin verhindert"
                }
            },
            {
                "id": "5d1f5061e8f045a3a7b7aea778eb5cfd",
                "firstname": "Stefan",
                "lastname": "Fritz",
                "qualifications": [],
                "functions": [],
                "response": {
                    "timestamp": 1760270251451,
                    "basicresponse": "Nein",
                    "freetext": "Bin verhindert"
                }
            },
            {
                "id": "ea78132107a8432cbf5082db7f004a1c",
                "firstname": "Theresa",
                "lastname": "Bock",
                "qualifications": [],
                "functions": [
                    {
                        "id": "14445",
                        "shortname": "ATS",
                        "name": "ATS"
                    },
                    {
                        "id": "158972",
                        "shortname": "C",
                        "name": "C-Fahrer"
                    }
                ],
                "response": {
                    "timestamp": 1760270328702,
                    "basicresponse": "Ja",
                    "freetext": ""
                }
            },
            {
                "id": "177759e5ffd64c1cbee1bcf8974c1a60",
                "firstname": "Ulrike",
                "lastname": "Lass",
                "qualifications": [],
                "functions": [
                    {
                        "id": "158972",
                        "shortname": "C",
                        "name": "C-Fahrer"
                    }
                ],
                "response": {
                    "timestamp": 1760270556714,
                    "basicresponse": "Ja",
                    "freetext": ""
                }
            },
            {
                "id": "f1f9070b0018477cb404a4c353a56dae",
                "firstname": "Valentin",
                "lastname": "Riegler",
                "qualifications": [],
                "functions": [
                    {
                        "id": "14445",
                        "shortname": "ATS",
                        "name": "ATS"
                    },
                    {
                        "id": "158972",
                        "shortname": "C",
                        "name": "C-Fahrer"
                    }
                ],
                "response": {
                    "timestamp": 1760270355060,
                    "basicresponse": "Nein",
                    "freetext": "Bin verhindert"
                }
            },
            {
                "id": "4510d59c3c2d40a9be592b2d6a178bcb",
                "firstname": "Walter",
                "lastname": "Hödl",
                "qualifications": [],
                "functions": [
                    {
                        "id": "158972",
                        "shortname": "C",
                        "name": "C-Fahrer"
                    }
                ],
                "response": {
                    "timestamp": 1760270656004,
                    "basicresponse": "Ja",
                    "freetext": ""
                }
            },
            {
                "id": "684031b75b2c497c802a81c3eb911839",
                "firstname": "Xenia",
                "lastname": "Lebel",
                "qualifications": [],
                "functions": [
                    {
                        "id": "194184",
                        "shortname": "EL - Mit",
                        "name": "EL - Mitarbeiter"
                    },
                    {
                        "id": "14445",
                        "shortname": "ATS",
                        "name": "ATS"
                    }
                ],
                "response": {
                    "timestamp": 1760270412035,
                    "basicresponse": "Nein",
                    "freetext": "Bin verhindert"
                }
            },
            {
                "id": "5f4341e06bf142418da015aa2682fd77",
                "firstname": "Yvonne",
                "lastname": "Grashofer",
                "qualifications": [],
                "functions": [
                    {
                        "id": "158972",
                        "shortname": "C",
                        "name": "C-Fahrer"
                    },
                    {
                        "id": "1961",
                        "shortname": "EL",
                        "name": "Einsatzleiter"
                    }
                ],
                "response": {
                    "timestamp": 1760270130655,
                    "basicresponse": "Ja",
                    "freetext": ""
                }
            },
            {
                "id": "fa5462e45af94ad395cf49c256a413a0",
                "firstname": "Zoe",
                "lastname": "Mayrhofer",
                "qualifications": [],
                "functions": [
                    {
                        "id": "1961",
                        "shortname": "EL",
                        "name": "Einsatzleiter"
                    }
                ],
                "response": {
                    "timestamp": 1760270105659,
                    "basicresponse": "Ja",
                    "freetext": ""
                }
            },
            {
                "id": "14d851c4b08f4877a926da93c36f170f",
                "firstname": "Karl",
                "lastname": "Pöpperl",
                "qualifications": [],
                "functions": [
                    {
                        "id": "1961",
                        "shortname": "EL",
                        "name": "Einsatzleiter"
                    }
                ],
                "response": {
                    "timestamp": 1760270492651,
                    "basicresponse": "Ja",
                    "freetext": ""
                }
            }
        ],
        "additionaldivisions": [
            {
                "name": "AT-3-FW",
                "type": "Feuerwehr",
                "organizationalunits": [
                    {
                        "oeid": "1299",
                        "description": "BFKDO Neunkirchen",
                        "type": "BFKDO",
                        "alarmtime": 1760273235300,
                        "alarmgroups": [
                            {
                                "id": "18760",
                                "name": "Einsatzinfo BFKDO Neunkirchen - ÖA-Team"
                            }
                        ]
                    },
                    {
                        "oeid": "1390",
                        "description": "FF Willendorf (NK)",
                        "type": "FF",
                        "alarmtime": 1760273235300,
                        "alarmgroups": [
                            {
                                "id": "7999",
                                "name": "NK - FF Willendorf - Sammelruf"
                            }
                        ]
                    },
                    {
                        "oeid": "1966",
                        "description": "NÖ LFV Infoschiene",
                        "type": "LFV",
                        "alarmtime": 1760273235300,
                        "alarmgroups": [
                            {
                                "id": "10065",
                                "name": "NÖ Landesfeuerwehrverband-Infodienst - S1"
                            }
                        ]
                    },
                    {
                        "oeid": "1963",
                        "description": "LFKDO Niederösterreich",
                        "type": "LFKDO",
                        "alarmtime": 1760273235300,
                        "alarmgroups": [
                            {
                                "id": "18025",
                                "name": "NÖ Landesfeuerwehrverband-Infodienst - S1"
                            }
                        ]
                    }
                ]
            }
        ]
    }
]